<?xml version="1.0" encoding="utf-8"?>
<Folder>
  <Image content="File">..\..\..\GacUI_Layout\RichTextEmbedding\UI\Gaclib.png</Image>
  <Doc name="Description">
    <Doc>
      <Content>
        <p align="Center">
          <div style="Title">
            <b>TextEditor by GacUI</b>
          </div>
        </p>
        <p>
          <div style="Body">
            <nop>Welcome to the demo!</nop>
          </div>
        </p>
        <p>
          <div style="Body">
            <b>Author: </b>Zihan Chen (vczh)<br/>
            <b>Website: </b><a href="http://www.gaclib.net">http://www.gaclib.net</a><br/>
            <b>Github: </b><a href="https://github.com/vczh-libraries/Release">https://github.com/vczh-libraries/Release</a><br/>
          </div>
        </p>
      </Content>
      <Styles>
        <Style name="Content">
          <face>Segoe UI</face>
        </Style>
        <Style name="Title" parent="Content">
          <size>24</size>
          <b>true</b>
        </Style>
        <Style name="Body" parent="Content">
          <size>14</size>
        </Style>
      </Styles>
    </Doc>
  </Doc>
  <Instance name="AboutWindowResource">
    <Instance ref.CodeBehind="true" ref.Class="demo::AboutWindow">
      <Window ref.Name="self" Text="About TextEditor" ClientSize="x:480 y:360" MaximizedBox="false" MinimizedBox="false" SizeBox="false">

        <Table AlignmentToParent="left:0 top:0 right:0 bottom:0" CellPadding="5">
          <att.Rows>
            <CellOption>composeType:MinSize</CellOption>
            <CellOption>composeType:Percentage percentage:1.0</CellOption>
            <CellOption>composeType:MinSize</CellOption>
          </att.Rows>
          <att.Columns>
            <CellOption>composeType:Percentage percentage:1.0</CellOption>
            <CellOption>composeType:MinSize</CellOption>
            <CellOption>composeType:Percentage percentage:1.0</CellOption>
          </att.Columns>

          <Cell Site="row:0 column:1" PreferredMinSize="x:320 y:128">
            <ImageFrameElement Stretch="true" Image-uri="res://AboutWindow/Gaclib.png"/>
          </Cell>

          <Cell Site="row:1 column:1">
            <DocumentLabel ref.Name="documentLabel" Document-uri="res://AboutWindow/Description">
              <att.BoundsComposition-set AlignmentToParent="left:0 top:0 right:0 bottom:0"/>
              <ev.ActiveHyperlinkExecuted>documentLabel_ActiveHyperlinkExecuted</ev.ActiveHyperlinkExecuted>
            </DocumentLabel>
          </Cell>

          <Cell Site="row:2 column:0 columnSpan:3">
            <Button Text="Close" ev.Clicked-eval="self.Close();">
              <att.BoundsComposition-set AlignmentToParent="left:-1 top:0 right:0 bottom:0" PreferredMinSize="x:100 y:30"/>
            </Button>
          </Cell>
        </Table>
      </Window>
    </Instance>
  </Instance>
</Folder>