<?xml version="1.0" encoding="utf-8"?>
<Resource>
  <Folder name="GacGenConfig">
    <Folder name="Cpp">
      <Text name="SourceFolder">Source</Text>
      <Text name="Resource">..\..\UIRes\TextEditor.bin</Text>
      <Text name="NormalInclude">../../Utilities.h</Text>
      <Text name="Name">Demo</Text>
    </Folder>
  </Folder>
  <Folder name="Images" content="Link">Images\Folder.xml</Folder>
  <Folder name="AboutWindow" content="Link">AboutWindow.xml</Folder>
  <Folder name="FindWindow" content="Link">FindWindow.xml</Folder>
  <Folder name="MainWindow" content="Link">MainWindow.xml</Folder>
</Resource>