<?xml version="1.0" encoding="utf-8"?>
<Folder>
  <Image content="File">New.png</Image>
  <Image content="File">NewText.png</Image>
  <Image content="File">NewXml.png</Image>
  <Image content="File">Open.png</Image>
  <Image content="File">Save.png</Image>
  <Image content="File">SaveAs.png</Image>
  <Image content="File">EditCopy.png</Image>
  <Image content="File">EditCut.png</Image>
  <Image content="File">EditDelete.png</Image>
  <Image content="File">EditFind.png</Image>
  <Image content="File">EditPaste.png</Image>
  <Image content="File">EditRedo.png</Image>
  <Image content="File">EditUndo.png</Image>
</Folder>